Octavia Hardwoode,15,D4cAL7ZB96wnTvYj
Bakuretsu Onna,15,D4cAL7ZB96wnTvYj
Margulis Nakata,13,D4cAL7ZB96wnTvYj
Kiyomi Kirei,12,D4cAL7ZB96wnTvYj
Somebody Else,10,D4cAL7ZB96wnTvYj
Aggamarr Atroc,10,D4cAL7ZB96wnTvYj
Random Striker,9,D4cAL7ZB96wnTvYj
Putoni Kesutoni,9,D4cAL7ZB96wnTvYj
Cecilia La'vanhart,9,D4cAL7ZB96wnTvYj
Grimcheeks Jaegerjack,7,D4cAL7ZB96wnTvYj
Neela Mitz'paw,5,D4cAL7ZB96wnTvYj
Freyja Veleda,3,D4cAL7ZB96wnTvYj
Altani Starshaper,3,D4cAL7ZB96wnTvYj
Margulis Nakata,2,D4cAL7ZB96wnTvYj
Lord Sithari,2,D4cAL7ZB96wnTvYj
Stygian Styx,1,D4cAL7ZB96wnTvYj
Palurien Meoi,1,D4cAL7ZB96wnTvYj
